<?xml version="1.0" encoding="utf-8"?>

<extension type="component" version="3.0" method="upgrade">

	<name>COM_MYCOMP</name>
	<author>Sourabh Bute</author>
	<version>1.0.0</version>
    <description>COM_MYCOMP_DESC</description>


    <files folder="site">
      <!--   <folder>com_mycomp</folder> -->
        <filename>index.html</filename>
        <filename>mycomp.php</filename>
        <filename>default.xml</filename>
        <filename>controller.php</filename>
        
    </files>

    <administration>
        <!-- Administration Menu Section -->
           <menu>COM_MYCOMP_MENU</menu>
        
        <files folder="admin">
            <!-- Admin Main File Copy Section -->

           <!--  <folder>com_mycomp</folder> -->
            <filename>index.html</filename>
            <filename>mycomp.php</filename>
            <filename>controller.php</filename>
            
        </files>

        <languages folder="admin/language">
            <language tag="en-GB">en-GB/en-GB.com_mycomp.ini</language>
            <language tag="en-GB">en-GB/en-GB.com_mycomp.sys.ini</language>



        </languages>
    </administration>


</extension>